{
    "name": "root",
    "metadata": {
        "timer_format_version": "0.1.0",
        "start_time_seconds": "1668377103",
        "python_version": "3.8.10 (tags/v3.8.10:3d8993a, May  3 2021, 11:48:03) [MSC v.1928 64 bit (AMD64)]",
        "command_line_arguments": "C:\\Users\\Steve\\Documents\\1 - OSU\\Capstone\\ML_Breakout\\venv\\Scripts\\mlagents-learn Config/agentpaddle_config.yaml --run-id=New2",
        "mlagents_version": "0.28.0",
        "mlagents_envs_version": "0.28.0",
        "communication_protocol_version": "1.5.0",
        "pytorch_version": "1.7.1+cu110",
        "numpy_version": "1.23.4",
        "end_time_seconds": "1668377249"
    },
    "total": 145.3870362,
    "count": 1,
    "self": 0.018245800000016743,
    "children": {
        "run_training.setup": {
            "total": 0.43484869999999987,
            "count": 1,
            "self": 0.43484869999999987
        },
        "TrainerController.start_learning": {
            "total": 144.9339417,
            "count": 1,
            "self": 0.11349239999964311,
            "children": {
                "TrainerController._reset_env": {
                    "total": 40.5531699,
                    "count": 1,
                    "self": 40.5531699
                },
                "TrainerController.advance": {
                    "total": 103.99367240000035,
                    "count": 2433,
                    "self": 0.08820890000063741,
                    "children": {
                        "env_step": {
                            "total": 96.56305359999993,
                            "count": 2433,
                            "self": 90.82822110000015,
                            "children": {
                                "SubprocessEnvManager._take_step": {
                                    "total": 5.666150199999926,
                                    "count": 2433,
                                    "self": 0.2781895999997346,
                                    "children": {
                                        "TorchPolicy.evaluate": {
                                            "total": 5.387960600000191,
                                            "count": 2419,
                                            "self": 1.525629899999899,
                                            "children": {
                                                "TorchPolicy.sample_actions": {
                                                    "total": 3.8623307000002924,
                                                    "count": 2419,
                                                    "self": 3.8623307000002924
                                                }
                                            }
                                        }
                                    }
                                },
                                "workers": {
                                    "total": 0.06868229999986397,
                                    "count": 2432,
                                    "self": 0.0,
                                    "children": {
                                        "worker_root": {
                                            "total": 40.553727400000604,
                                            "count": 2432,
                                            "is_parallel": true,
                                            "self": 18.487494400000266,
                                            "children": {
                                                "steps_from_proto": {
                                                    "total": 0.0009006999999954246,
                                                    "count": 1,
                                                    "is_parallel": true,
                                                    "self": 0.0005764999999939846,
                                                    "children": {
                                                        "_process_rank_one_or_two_observation": {
                                                            "total": 0.00032420000000144,
                                                            "count": 2,
                                                            "is_parallel": true,
                                                            "self": 0.00032420000000144
                                                        }
                                                    }
                                                },
                                                "UnityEnvironment.step": {
                                                    "total": 22.065332300000343,
                                                    "count": 2432,
                                                    "is_parallel": true,
                                                    "self": 0.45572300000023347,
                                                    "children": {
                                                        "UnityEnvironment._generate_step_input": {
                                                            "total": 0.47176040000000086,
                                                            "count": 2432,
                                                            "is_parallel": true,
                                                            "self": 0.47176040000000086
                                                        },
                                                        "communicator.exchange": {
                                                            "total": 19.67880940000019,
                                                            "count": 2432,
                                                            "is_parallel": true,
                                                            "self": 19.67880940000019
                                                        },
                                                        "steps_from_proto": {
                                                            "total": 1.4590394999999177,
                                                            "count": 2432,
                                                            "is_parallel": true,
                                                            "self": 0.9032785000001056,
                                                            "children": {
                                                                "_process_rank_one_or_two_observation": {
                                                                    "total": 0.5557609999998121,
                                                                    "count": 4864,
                                                                    "is_parallel": true,
                                                                    "self": 0.5557609999998121
                                                                }
                                                            }
                                                        }
                                                    }
                                                }
                                            }
                                        }
                                    }
                                }
                            }
                        },
                        "trainer_advance": {
                            "total": 7.3424098999997796,
                            "count": 2432,
                            "self": 0.14704469999961134,
                            "children": {
                                "process_trajectory": {
                                    "total": 0.3821033000001677,
                                    "count": 2432,
                                    "self": 0.3821033000001677
                                },