{
    "name": "root",
    "metadata": {
        "timer_format_version": "0.1.0",
        "start_time_seconds": "1668479925",
        "python_version": "3.8.10 (tags/v3.8.10:3d8993a, May  3 2021, 11:48:03) [MSC v.1928 64 bit (AMD64)]",
        "command_line_arguments": "C:\\Users\\Steve\\Documents\\1 - OSU\\Capstone\\ML_Breakout\\venv\\Scripts\\mlagents-learn Config/agentpaddle_config.yaml --run-id=New1 --resume",
        "mlagents_version": "0.28.0",
        "mlagents_envs_version": "0.28.0",
        "communication_protocol_version": "1.5.0",
        "pytorch_version": "1.7.1+cu110",
        "numpy_version": "1.23.4",
        "end_time_seconds": "1668479980"
    },
    "total": 54.910262700000004,
    "count": 1,
    "self": 0.01056490000000565,
    "children": {
        "run_training.setup": {
            "total": 0.38558610000000026,
            "count": 1,
            "self": 0.38558610000000026
        },
        "TrainerController.start_learning": {
            "total": 54.5141117,
            "count": 1,
            "self": 0.02076209999991363,
            "children": {
                "TrainerController._reset_env": {
                    "total": 12.7443005,
                    "count": 1,
                    "self": 12.7443005
                },
                "TrainerController.advance": {
                    "total": 41.478134100000084,
                    "count": 565,
                    "self": 0.021597500000076764,
                    "children": {
                        "env_step": {
                            "total": 22.251747600000016,
                            "count": 565,
                            "self": 20.980430699999978,
                            "children": {
                                "SubprocessEnvManager._take_step": {
                                    "total": 1.2594020999999316,
                                    "count": 565,
                                    "self": 0.06306050000002372,
                                    "children": {
                                        "TorchPolicy.evaluate": {
                                            "total": 1.1963415999999079,
                                            "count": 541,
                                            "self": 0.27718339999999486,
                                            "children": {
                                                "TorchPolicy.sample_actions": {
                                                    "total": 0.919158199999913,
                                                    "count": 541,
                                                    "self": 0.919158199999913
                                                }
                                            }
                                        }
                                    }
                                },
                                "workers": {
                                    "total": 0.01191480000010614,
                                    "count": 564,
                                    "self": 0.0,
                                    "children": {
                                        "worker_root": {
                                            "total": 35.320097399999995,
                                            "count": 564,
                                            "is_parallel": true,
                                            "self": 21.46823900000001,
                                            "children": {
                                                "steps_from_proto": {
                                                    "total": 0.004706200000001104,
                                                    "count": 1,
                                                    "is_parallel": true,
                                                    "self": 0.0009270000000007883,
                                                    "children": {
                                                        "_process_rank_one_or_two_observation": {
                                                            "total": 0.0037792000000003156,
                                                            "count": 2,
                                                            "is_parallel": true,
                                                            "self": 0.0037792000000003156
                                                        }
                                                    }
                                                },
                                                "UnityEnvironment.step": {
                                                    "total": 13.847152199999984,
                                                    "count": 564,
                                                    "is_parallel": true,
                                                    "self": 0.17138409999970072,
                                                    "children": {
                                                        "UnityEnvironment._generate_step_input": {
                                                            "total": 0.3219219000001541,
                                                            "count": 564,
                                                            "is_parallel": true,
                                                            "self": 0.3219219000001541
                                                        },
                                                        "communicator.exchange": {
                                                            "total": 12.963107200000062,
                                                            "count": 564,
                                                            "is_parallel": true,
                                                            "self": 12.963107200000062
                                                        },
                                                        "steps_from_proto": {
                                                            "total": 0.39073900000006745,
                                                            "count": 564,
                                                            "is_parallel": true,
                                                            "self": 0.21404590000011936,
                                                            "children": {
                                                                "_process_rank_one_or_two_observation": {
                                                                    "total": 0.1766930999999481,
                                                                    "count": 1128,
                                                                    "is_parallel": true,
                                                                    "self": 0.1766930999999481
                                                                }
                                                            }
                                                        }
                                                    }
                                                }
                                            }
                                        }
                                    }
                                }
                            }
                        },
                        "trainer_advance": {
                            "total": 19.20478899999999,
                            "count": 564,
                            "self": 0.03272160000000568,
                            "children": {
                                "process_trajectory": {
                                    "total": 0.8531353999999673,
                                    "count": 564,
                                    "self": 0.8531353999999673
                                },