{"count":1,"self":30.8482848,"total":31.071447799999998,"children":{"InitializeActuators":{"count":2,"self":0.0019998999999999998,"total":0.0019998999999999998,"children":null},"InitializeSensors":{"count":2,"self":0.0019998999999999998,"total":0.0019998999999999998,"children":null},"AgentSendState":{"count":1311,"self":0.0050328,"total":0.0200345,"children":{"CollectObservations":{"count":124,"self":0.0030009999999999998,"total":0.0030009999999999998,"children":null},"WriteActionMask":{"count":123,"self":0.0010000999999999999,"total":0.0010000999999999999,"children":null},"RequestDecision":{"count":123,"self":0.0110006,"total":0.0110006,"children":null}}},"DecideAction":{"count":1310,"self":0.18310369999999998,"total":0.18310369999999998,"children":null},"AgentAct":{"count":1310,"self":0.0150231,"total":0.0150231,"children":null}},"gauges":{},"metadata":{"timer_format_version":"0.1.0","start_time_seconds":"1669497363","unity_version":"2021.3.11f1","command_line_arguments":"C:\\Program Files\\Unity\\Hub\\Editor\\2021.3.11f1\\Editor\\Unity.exe -projectpath C:\\Users\\Colin\\Documents\\OSU\\CS467\\ML_Breakout -useHub -hubIPC -cloudEnvironment production -licensingIpc LicenseClient-Colin -hubSessionId f69140a0-6dc6-11ed-9289-0f4348972df7 -accessToken d9im5ZwD31nJwINyip5M5uo9BN65J4otjIbj5oQomAU001f","communication_protocol_version":"1.5.0","com.unity.ml-agents_version":"2.0.1","scene_name":"Global","end_time_seconds":"1669497394"}}