{"count":1,"self":333.17736959999996,"total":1209.2847950999999,"children":{"InitializeActuators":{"count":1,"self":0.0019998999999999998,"total":0.0019998999999999998,"children":null},"InitializeSensors":{"count":1,"self":0.0029998,"total":0.0029998,"children":null},"AgentSendState":{"count":1000333,"self":3.1431603999999997,"total":72.5742209,"children":{"CollectObservations":{"count":100034,"self":0.39322239999999997,"total":0.39322239999999997,"children":null},"WriteActionMask":{"count":100034,"self":0.1739164,"total":0.1739164,"children":null},"RequestDecision":{"count":100034,"self":0.8836369,"total":68.863921699999992,"children":{"AgentInfo.ToProto":{"count":100034,"self":1.3320414999999999,"total":67.980284799999993,"children":{"GenerateSensorData":{"count":100034,"self":66.6482432,"total":66.64824329999999,"children":null}}}}}}},"DecideAction":{"count":1000333,"self":790.1915136,"total":790.1915392,"children":null},"AgentAct":{"count":1000333,"self":12.9045352,"total":13.3346623,"children":{"AgentInfo.ToProto":{"count":733,"self":0.0080076,"total":0.4301268,"children":{"GenerateSensorData":{"count":733,"self":0.42211919999999997,"total":0.42211919999999997,"children":null}}}}}},"gauges":{"AgentPaddle.CumulativeReward":{"count":733,"max":119.5,"min":-1.75,"runningAverage":24.8782463,"value":11.75,"weightedAverage":25.2563553}},"metadata":{"timer_format_version":"0.1.0","start_time_seconds":"1668378856","unity_version":"2021.3.11f1","command_line_arguments":"C:\\Program Files\\Unity\\Hub\\Editor\\2021.3.11f1\\Editor\\Unity.exe -projectpath C:\\Users\\Steve\\Documents\\1 - OSU\\Capstone\\ML_Breakout -useHub -hubIPC -cloudEnvironment production -licensingIpc LicenseClient-Steve -hubSessionId 82859ca0-6363-11ed-a038-f39fe026fbfa","communication_protocol_version":"1.5.0","com.unity.ml-agents_version":"2.0.1","scene_name":"TwoPlayer","end_time_seconds":"1668380065"}}